"","Date","Set","Trophy","Colors","W","L","Format","Start Rank","End Rank"
"1","9/21/2021 14:49","MID",NA,"RGb","5","3","Sealed",NA,NA
"2","9/18/2021 15:30","MID",NA,"UB","2","3","PremierDraft","Diamond-2","Diamond-2"
"3","9/12/2021 13:59","AFR","x","WG","7","2","QuickDraft","Diamond-4","Diamond-2"
"4","9/12/2021 13:33","AFR",NA,"RG","1","3","QuickDraft","Diamond-3",NA
"5","8/24/2021 12:09","AFR",NA,"UG","2","3","PremierDraft","Mythic-1","Mythic-1"
"6","8/22/2021 11:37","AFR",NA,"BR","2","3","PremierDraft","Mythic-1","Mythic-1"
"7","8/22/2021 9:40","AFR",NA,"WG","6","3","PremierDraft","Mythic-1","Mythic-1"
"8","8/22/2021 8:32","AFR",NA,"WGr","2","3","PremierDraft","Mythic-1","Mythic-1"
"9","8/22/2021 7:49","AFR",NA,"RGw","1","3","PremierDraft","Mythic-1","Mythic-1"
"10","8/22/2021 7:02","AFR",NA,"RGw","1","3","PremierDraft","Mythic-1","Mythic-1"
"11","8/22/2021 6:14","AFR",NA,"WG","0","3","PremierDraft","Mythic-1","Mythic-1"
"12","8/21/2021 12:48","IKO","x","UGbr","7","0","PremierDraft","Mythic-1","Mythic-1"
"13","8/21/2021 11:13","IKO",NA,"WURGb","3","3","PremierDraft","Mythic-1","Mythic-1"
"14","8/21/2021 7:03","AFR","x","BR","7","2","PremierDraft","Mythic-1","Mythic-1"
"15","8/21/2021 6:08","AFR",NA,"URg","1","3","PremierDraft","Mythic-1","Mythic-1"
"16","8/19/2021 10:06","AFR",NA,"BR","1","3","PremierDraft","Mythic-1","Mythic-1"
"17","8/18/2021 19:46","KLR",NA,"RGu","1","3","PremierDraft","Mythic-1","Mythic-1"
"18","8/17/2021 4:48","KHM",NA,"URGw","3","3","QuickDraft","Mythic-1","Mythic-1"
"19","8/17/2021 4:15","KHM",NA,"WR","1","3","QuickDraft","Mythic-1","Mythic-1"
"20","8/17/2021 4:10","KHM",NA,"WR","0","0","QuickDraft",NA,NA
"21","8/17/2021 4:03","KHM",NA,"WBurg","0","0","QuickDraft",NA,NA
"22","8/17/2021 3:46","KHM",NA,"BGw","0","3","QuickDraft","Mythic-1","Mythic-1"
"23","8/17/2021 3:36","KHM",NA,"WURg","0","0","QuickDraft",NA,NA
"24","8/17/2021 2:59","KHM",NA,"WB","1","3","QuickDraft","Mythic-1","Mythic-1"
"25","8/17/2021 2:18","KHM",NA,"RG","1","3","QuickDraft","Mythic-1","Mythic-1"
"26","8/17/2021 1:34","KHM",NA,"WR","2","3","QuickDraft","Mythic-1","Mythic-1"
"27","8/16/2021 23:46","KHM",NA,"WUGb","3","3","QuickDraft","Mythic-1","Mythic-1"
"28","8/16/2021 23:37","KHM",NA,"BG","0","0","QuickDraft",NA,NA
"29","8/16/2021 23:26","KHM",NA,"WGr","0","0","QuickDraft",NA,NA
"30","8/16/2021 22:11","KHM","x","WR","7","2","QuickDraft","Mythic-1","Mythic-1"
"31","8/16/2021 21:19","KHM",NA,"URGb","3","3","QuickDraft","Mythic-1","Mythic-1"
"32","8/16/2021 20:02","KHM",NA,"WR","2","3","QuickDraft","Mythic-1","Mythic-1"
"33","8/16/2021 16:34","KHM",NA,"WG","1","3","QuickDraft","Mythic-1","Mythic-1"
"34","8/16/2021 16:24","KHM",NA,"WR","0","0","QuickDraft",NA,NA
"35","8/16/2021 15:43","KHM",NA,"BGr","0","3","QuickDraft","Mythic-1","Mythic-1"
"36","8/16/2021 15:15","KHM",NA,"UGb","0","3","QuickDraft","Mythic-1","Mythic-1"
"37","8/16/2021 14:23","KHM",NA,"UBG","2","3","QuickDraft","Mythic-1","Mythic-1"
"38","8/16/2021 13:08","KHM",NA,"UBRG","2","3","QuickDraft","Mythic-1","Mythic-1"
"39","8/14/2021 8:23","KHM",NA,"RGwub","5","3","QuickDraft","Mythic-1","Mythic-1"
"40","8/14/2021 7:22","AKR",NA,"WR","2","3","PremierDraft","Mythic-1","Mythic-1"
"41","8/14/2021 6:34","AKR",NA,"UBg","0","3","PremierDraft","Mythic-1","Mythic-1"
"42","8/14/2021 5:31","AKR",NA,"RG","2","3","PremierDraft","Mythic-1","Mythic-1"
"43","8/14/2021 3:28","AFR",NA,"BG","3","3","PremierDraft","Mythic-1","Mythic-1"
"44","8/13/2021 5:23","AFR",NA,"RG","2","3","PremierDraft","Mythic-1","Mythic-1"
"45","8/13/2021 4:22","AFR",NA,"RGw","1","3","PremierDraft","Mythic-1","Mythic-1"
"46","8/12/2021 18:16","AKR",NA,"WB","2","3","PremierDraft","Mythic-1","Mythic-1"
"47","8/11/2021 6:51","AFR",NA,"WG","2","3","PremierDraft","Mythic-1","Mythic-1"
"48","8/10/2021 5:09","AFR",NA,"BR","4","3","PremierDraft","Mythic-1","Mythic-1"
"49","8/10/2021 4:03","AFR",NA,"WG","2","3","PremierDraft","Mythic-1","Mythic-1"
"50","8/10/2021 2:58","AFR","x","RG","7","2","QuickDraft","Diamond-1","Mythic-1"
"51","8/10/2021 1:51","AFR",NA,"BRug","3","3","QuickDraft","Diamond-1","Diamond-1"
"52","8/9/2021 23:28","AFR",NA,"BRg","3","3","QuickDraft","Diamond-2","Diamond-1"
"53","8/9/2021 22:38","AFR",NA,"WB","3","3","PremierDraft","Diamond-2","Diamond-1"
"54","8/9/2021 21:59","AFR",NA,"RGw","0","3","PremierDraft","Diamond-1","Diamond-1"
"55","8/9/2021 21:03","AFR",NA,"RG","4","3","PremierDraft","Diamond-2","Diamond-1"
"56","8/9/2021 19:00","AFR",NA,"BRw","6","3","PremierDraft","Diamond-2","Diamond-2"
"57","8/9/2021 18:10","AFR",NA,"WGb","1","3","PremierDraft","Diamond-2","Diamond-2"
"58","8/8/2021 16:32","AFR",NA,"WGu","2","3","PremierDraft","Diamond-2","Diamond-2"
"59","8/7/2021 20:51","AFR",NA,"BR","2","3","PremierDraft","Diamond-2","Diamond-2"
"60","8/7/2021 19:30","AFR",NA,"WUg","1","3","PremierDraft","Diamond-1","Diamond-2"
"61","8/7/2021 18:06","AFR",NA,"WBg","4","3","PremierDraft","Diamond-2","Diamond-1"
"62","8/7/2021 16:34","AFR",NA,"WGbr","5","3","PremierDraft","Diamond-2","Diamond-2"
"63","8/7/2021 4:35","AFR","x","BR","7","2","PremierDraft","Diamond-3","Diamond-2"
"64","8/7/2021 3:33","AFR",NA,"RGw","3","3","PremierDraft","Diamond-3","Diamond-3"
"65","8/7/2021 2:17","AFR",NA,"BRwug","3","3","PremierDraft","Diamond-3","Diamond-3"
"66","8/7/2021 0:51","AFR",NA,"WB","4","3","PremierDraft","Diamond-3","Diamond-3"
"67","8/6/2021 23:14","AFR",NA,"WB","2","3","PremierDraft","Diamond-3","Diamond-3"
"68","8/6/2021 22:16","AFR",NA,"WG","0","3","PremierDraft","Diamond-3","Diamond-3"
"69","8/6/2021 21:36","AFR",NA,"BR","1","3","PremierDraft","Diamond-2","Diamond-2"
"70","8/6/2021 20:06","AFR",NA,"BR","6","3","PremierDraft","Diamond-3","Diamond-2"
"71","8/6/2021 19:51","AFR",NA,"WB","0","0","PremierDraft",NA,NA
"72","8/5/2021 7:08","AFR",NA,"UBr","1","3","PremierDraft","Diamond-3","Diamond-3"
"73","8/5/2021 5:58","AFR",NA,"RG","1","3","PremierDraft","Diamond-2","Diamond-2"
"74","8/5/2021 5:12","AFR",NA,"UR","3","3","PremierDraft","Diamond-3","Diamond-2"
"75","8/5/2021 4:12","AFR",NA,"WGb","1","3","PremierDraft","Diamond-2","Diamond-2"
"76","8/4/2021 0:06","AFR",NA,"WB","3","3","QuickDraft","Diamond-2","Diamond-2"
"77","8/4/2021 0:02","AFR",NA,"UB","0","0","QuickDraft",NA,NA
"78","8/3/2021 23:55","AFR",NA,"UBw","0","0","QuickDraft",NA,NA
"79","8/3/2021 23:13","AFR",NA,"WGbr","2","3","QuickDraft","Diamond-2","Diamond-2"
"80","8/3/2021 22:31","AFR",NA,"WR","2","3","QuickDraft","Diamond-2","Diamond-2"
"81","8/3/2021 21:38","AFR","x","BR","7","0","QuickDraft","Diamond-3","Diamond-2"
"82","8/3/2021 20:11","AFR",NA,"UB","4","3","QuickDraft","Diamond-4","Diamond-3"
"83","8/3/2021 19:21","AFR",NA,"WB","2","3","PremierDraft","Diamond-3","Diamond-3"
"84","8/3/2021 18:44","AFR",NA,"RGb","2","3","QuickDraft","Diamond-3","Diamond-3"
"85","8/3/2021 17:57","AFR",NA,"BR","3","3","QuickDraft","Diamond-3","Diamond-3"
"86","8/3/2021 16:55","AFR",NA,"BR","4","3","QuickDraft","Diamond-4","Diamond-3"
"87","8/3/2021 6:19","AFR",NA,"BR","4","3","QuickDraft","Diamond-4","Diamond-4"
"88","8/3/2021 5:16","AFR",NA,"UGb","2","3","PremierDraft","Diamond-4","Diamond-4"
"89","8/3/2021 3:59","AFR",NA,"WGr","3","3","PremierDraft","Diamond-4","Diamond-4"
"90","8/3/2021 3:25","AFR",NA,"WG","0","3","PremierDraft","Diamond-4","Diamond-4"
"91","8/3/2021 2:08","AFR",NA,"WBu","4","3","PremierDraft","Platinum-1","Diamond-4"
"92","8/3/2021 0:59","AFR",NA,"UR","4","3","PremierDraft","Platinum-1","Platinum-1"
"93","8/3/2021 0:15","AFR",NA,"WR","3","3","PremierDraft","Platinum-1","Platinum-1"
"94","8/2/2021 23:14","AFR",NA,"UGw","2","3","PremierDraft","Platinum-1","Platinum-1"
"95","8/2/2021 22:10","AFR",NA,"WGb","2","3","PremierDraft","Platinum-1","Platinum-1"
"96","8/2/2021 21:11","AFR",NA,"BR","4","3","PremierDraft","Platinum-1","Platinum-1"
"97","8/2/2021 20:17","AFR",NA,"BR","2","3","PremierDraft","Platinum-1","Platinum-1"
"98","8/2/2021 6:17","AFR",NA,"WG","6","3","PremierDraft","Platinum-2","Platinum-1"
"99","8/2/2021 5:22","AFR",NA,"UGw","0","3","PremierDraft","Platinum-1","Platinum-1"
"100","8/2/2021 4:11","AFR",NA,"BR","6","3","PremierDraft","Platinum-2","Platinum-1"
"101","8/2/2021 0:51","AFR",NA,"WG","3","3","QuickDraft","Platinum-2","Platinum-2"
"102","8/2/2021 0:15","AFR",NA,"WR","2","3","QuickDraft","Platinum-3","Platinum-2"
"103","8/1/2021 23:26","AFR","x","WR","7","0","QuickDraft","Platinum-4","Platinum-3"
"104","8/1/2021 22:56","AFR",NA,"RGw","0","3","QuickDraft","Platinum-3","Platinum-4"
"105","8/1/2021 22:07","AFR",NA,"UBr","2","3","QuickDraft","Platinum-3","Platinum-3"
"106","8/1/2021 21:06","AFR",NA,"UR","4","3","QuickDraft","Platinum-3","Platinum-3"
"107","8/1/2021 19:21","AFR","x","WG","7","2","QuickDraft","Platinum-4","Platinum-3"
"108","8/1/2021 18:35","AFR",NA,"WG","3","3","QuickDraft","Platinum-4","Platinum-4"
"109","8/1/2021 17:39","AFR",NA,"UGb","1","3","QuickDraft","Platinum-4","Platinum-4"
"110","8/1/2021 6:01","AFR",NA,"BR","4","3","QuickDraft","Platinum-4","Platinum-4"
"111","8/1/2021 5:11","AFR",NA,"BRg","3","3","QuickDraft","Gold-1","Platinum-4"
"112","8/1/2021 4:17","AFR",NA,"BG","3","3","QuickDraft","Gold-2","Gold-1"
"113","8/1/2021 3:46","AFR",NA,"WR","2","3","QuickDraft","Gold-2","Gold-2"
"114","8/1/2021 3:06","AFR",NA,"BGwr","1","3","QuickDraft","Gold-2","Gold-2"
"115","8/1/2021 2:21","AFR",NA,"WR","2","3","QuickDraft","Diamond-2","Diamond-2"
"116","8/1/2021 1:07","AFR",NA,"BG","6","3","PremierDraft","Diamond-3","Diamond-2"
"117","8/1/2021 0:07","AFR",NA,"WG","2","3","PremierDraft","Diamond-3","Diamond-3"
"118","7/31/2021 23:22","AFR",NA,"WUg","1","3","PremierDraft","Diamond-3","Diamond-3"
"119","7/31/2021 22:11","AFR",NA,"BR","1","3","PremierDraft","Diamond-3","Diamond-3"
"120","7/31/2021 20:56","AFR",NA,"RGw","2","3","PremierDraft","Diamond-3","Diamond-3"
"121","7/30/2021 23:37","AFR",NA,"WGb","4","3","PremierDraft","Diamond-3","Diamond-3"
"122","7/27/2021 2:02","AFR",NA,"WG","2","3","PremierDraft","Diamond-3","Diamond-3"
"123","7/24/2021 21:29","AFR",NA,"WR","4","3","PremierDraft","Diamond-4","Diamond-3"
"124","7/24/2021 4:56","AFR",NA,"BR","6","3","PremierDraft","Diamond-4","Diamond-4"
"125","7/23/2021 6:08","AFR","x","WG","7","2","PremierDraft","Platinum-1","Diamond-4"
"126","7/23/2021 4:34","AFR",NA,"BRwu","3","3","PremierDraft","Platinum-1","Platinum-1"
"127","7/23/2021 2:02","AFR",NA,"WRg","2","3","PremierDraft","Platinum-1","Platinum-1"
"128","7/22/2021 7:58","AFR",NA,"BRGw","5","3","PremierDraft","Platinum-2","Platinum-1"
"129","7/22/2021 6:24","AFR",NA,"WG","4","3","PremierDraft","Platinum-2","Platinum-2"
"130","7/22/2021 5:36","AFR",NA,"BR","1","3","PremierDraft","Platinum-2","Platinum-2"
"131","7/22/2021 4:30","AFR","x","BR","7","2","PremierDraft","Platinum-3","Platinum-2"
"132","7/22/2021 2:02","AFR",NA,"WUr","3","3","PremierDraft","Platinum-3","Platinum-3"
"133","7/20/2021 7:10","AFR",NA,"WGub","0","3","PremierDraft","Platinum-3","Platinum-3"
"134","7/20/2021 5:57","AFR",NA,"WR","1","3","PremierDraft","Platinum-2","Platinum-2"
"135","7/20/2021 3:14","AFR",NA,"URg","3","3","PremierDraft","Platinum-2","Platinum-2"
"136","7/19/2021 7:10","AFR","x","WR","7","2","PremierDraft","Platinum-3","Platinum-2"
"137","7/19/2021 6:32","AFR",NA,"RGu","1","3","PremierDraft","Platinum-3","Platinum-3"
"138","7/19/2021 5:48","AFR",NA,"URbg","1","3","PremierDraft","Platinum-3","Platinum-3"
"139","7/19/2021 4:47","AFR",NA,"WG","2","3","PremierDraft","Platinum-3","Platinum-2"
"140","7/19/2021 2:24","AFR",NA,"BRG","2","3","PremierDraft","Platinum-2","Platinum-2"
"141","7/19/2021 0:43","AFR",NA,"WR","6","3","PremierDraft","Platinum-3","Platinum-2"
"142","7/18/2021 22:10","AFR",NA,"WBr","6","3","PremierDraft","Platinum-4","Platinum-3"
"143","7/18/2021 21:03","AFR",NA,"RGw","4","3","PremierDraft","Platinum-4","Platinum-4"
"144","7/18/2021 20:19","AFR",NA,"WU","1","3","PremierDraft","Platinum-4","Platinum-4"
"145","7/18/2021 19:37","AFR",NA,"WR","1","3","PremierDraft","Platinum-4","Platinum-4"
"146","7/18/2021 18:46","AFR",NA,"BRw","1","3","PremierDraft","Platinum-4","Platinum-4"
"147","7/16/2021 7:59","AFR",NA,"UBwr","0","3","PremierDraft","Platinum-3","Platinum-4"
"148","7/16/2021 6:57","AFR",NA,"RGu","2","3","PremierDraft","Platinum-3","Platinum-3"
"149","7/16/2021 4:37","AFR","x","WR","7","1","PremierDraft","Platinum-4","Platinum-3"
"150","7/16/2021 3:17","AFR",NA,"BGu","3","3","PremierDraft","Platinum-4","Platinum-4"
"151","7/16/2021 2:30","AFR",NA,"UG","1","3","PremierDraft","Platinum-4","Platinum-4"
"152","7/14/2021 5:21","AFR",NA,"URb","4","3","PremierDraft",NA,NA
"153","7/14/2021 4:30","AFR",NA,"UG","1","3","PremierDraft",NA,NA
"154","7/11/2021 20:17","AFR",NA,"UBr","1","3","PremierDraft",NA,NA
"155","7/11/2021 19:35","AFR",NA,"WR","1","3","PremierDraft",NA,NA
"156","7/11/2021 17:00","AFR",NA,"BG","6","3","PremierDraft",NA,NA
"157","7/10/2021 5:50","AFR",NA,"WB","3","3","PremierDraft",NA,NA
"158","7/10/2021 5:02","AFR",NA,"WUg","2","3","PremierDraft",NA,NA
"159","7/9/2021 8:04","AFR",NA,"UR","1","3","PremierDraft",NA,NA
"160","7/9/2021 6:37","AFR",NA,"BR","3","3","PremierDraft",NA,NA
"161","7/9/2021 5:23","AFR",NA,"RG","5","3","PremierDraft",NA,NA
"162","7/9/2021 2:19","AFR",NA,"UB","2","3","Sealed",NA,NA
"163","7/9/2021 1:41","AFR",NA,"WR","3","3","Sealed",NA,NA
"164","6/15/2021 4:07","STX","x","WUBRg","7","2","PremierDraft","Diamond-1","Mythic-1"
"165","6/15/2021 3:09","STX",NA,"UBRGw","1","3","PremierDraft","Diamond-1","Diamond-1"
"166","6/15/2021 1:35","STX",NA,"WUBrg","5","3","PremierDraft","Diamond-2","Diamond-1"
"167","6/15/2021 0:29","STX","x","URw","7","2","PremierDraft","Diamond-3","Diamond-2"
"168","6/14/2021 23:13","STX","x","WB","7","2","PremierDraft","Diamond-4","Diamond-3"
"169","6/14/2021 21:38","STX",NA,"URG","3","3","PremierDraft","Diamond-4","Diamond-4"
"170","6/10/2021 11:51","STX",NA,"WRb","2","3","PremierDraft","Diamond-4","Diamond-4"
"171","6/9/2021 12:50","STX",NA,"WBr","3","3","PremierDraft","Diamond-4","Diamond-4"
"172","6/9/2021 11:40","STX",NA,"UGbr","2","3","PremierDraft","Diamond-4","Diamond-4"
"173","6/7/2021 10:30","STX",NA,"WBg","1","3","PremierDraft","Diamond-4","Diamond-4"
"174","6/3/2021 13:12","STX",NA,NA,"0","0","PremierDraft",NA,NA
"175","6/3/2021 12:07","STX",NA,"UBG","2","3","PremierDraft","Diamond-4","Diamond-4"
"176","6/3/2021 10:48","STX",NA,"UBGr","2","3","PremierDraft","Diamond-4","Diamond-4"
"177","6/3/2021 10:01","STX",NA,"BGw","1","3","PremierDraft","Diamond-4","Diamond-4"
"178","6/3/2021 8:44","STX",NA,"UBGr","1","3","PremierDraft","Diamond-4","Diamond-4"
"179","6/3/2021 8:08","STX",NA,"UBRg","0","3","PremierDraft","Diamond-3","Diamond-3"
"180","6/3/2021 7:25","STX",NA,"WUR","1","3","PremierDraft","Diamond-3","Diamond-3"
"181","6/3/2021 5:04","STX",NA,"WUR","6","3","PremierDraft","Diamond-4","Diamond-3"
"182","6/3/2021 4:11","STX",NA,"URGw","2","3","PremierDraft","Diamond-4","Diamond-4"
"183","6/3/2021 1:56","STX",NA,"UR","6","3","PremierDraft","Platinum-1","Diamond-4"
"184","6/3/2021 0:37","STX","x","BGw","7","1","PremierDraft","Platinum-2","Platinum-1"
"185","6/2/2021 23:33","STX",NA,"UGr","3","3","PremierDraft","Platinum-3","Platinum-2"
"186","6/2/2021 12:25","STX","x","WR","7","1","PremierDraft","Platinum-4","Platinum-3"
"187","6/2/2021 11:07","STX",NA,"WR","3","3","PremierDraft","Platinum-4","Platinum-4"
"188","6/2/2021 10:13","STX",NA,"URwg","1","3","PremierDraft","Platinum-3","Platinum-4"
"189","6/2/2021 8:47","STX",NA,"UBG","4","3","PremierDraft","Platinum-4","Platinum-3"
"190","6/2/2021 7:09","STX",NA,"UGr","6","3","PremierDraft","Platinum-4","Platinum-4"
"191","6/2/2021 6:30","STX",NA,"WBrg","2","3","PremierDraft","Platinum-4","Platinum-4"
"192","6/2/2021 5:39","STX",NA,"WRb","1","3","PremierDraft","Platinum-4","Platinum-4"
"193","6/2/2021 4:14","STX",NA,"WURg","2","3","PremierDraft","Platinum-4","Platinum-4"
"194","6/2/2021 2:12","STX",NA,"WB","3","3","PremierDraft","Platinum-4","Platinum-4"
"195","6/2/2021 0:37","STX",NA,"WBG","4","3","PremierDraft","Platinum-4","Platinum-4"
"196","6/1/2021 23:35","STX",NA,"WB","5","3","PremierDraft","Platinum-4","Platinum-4"
"197","6/1/2021 22:40","STX",NA,"WBr","2","3","PremierDraft","Platinum-4","Platinum-4"
"198","5/31/2021 10:00","STX","x","UG","7","2","PremierDraft","Mythic-1","Mythic-1"
"199","5/31/2021 8:35","STX",NA,"WBr","2","3","PremierDraft","Mythic-1","Mythic-1"
"200","5/31/2021 6:53","STX",NA,"WBRu","4","3","PremierDraft","Mythic-1","Mythic-1"
"201","5/31/2021 5:23","STX",NA,"WRb","6","3","PremierDraft","Mythic-1","Mythic-1"
"202","5/31/2021 3:55","STX",NA,"WB","2","3","PremierDraft","Mythic-1","Mythic-1"
"203","5/31/2021 3:17","STX",NA,"WBr","0","3","PremierDraft","Mythic-1","Mythic-1"
"204","5/31/2021 2:18","STX",NA,"WB","3","3","PremierDraft","Mythic-1","Mythic-1"
"205","5/31/2021 1:13","STX",NA,"WB","5","3","PremierDraft","Mythic-1","Mythic-1"
"206","5/30/2021 13:17","STX",NA,"UBGwr","2","3","PremierDraft","Mythic-1","Mythic-1"
"207","5/30/2021 11:46","STX",NA,"UGr","3","3","PremierDraft","Mythic-1","Mythic-1"
"208","5/30/2021 10:40","STX",NA,"WB","2","3","PremierDraft","Mythic-1","Mythic-1"
"209","5/30/2021 9:35","STX",NA,"URw","2","3","PremierDraft","Mythic-1","Mythic-1"
"210","5/30/2021 8:25","STX",NA,"WBR","3","3","PremierDraft","Mythic-1","Mythic-1"
"211","5/28/2021 13:56","STX",NA,"UGbr","3","3","PremierDraft","Mythic-1","Mythic-1"
"212","5/28/2021 13:03","STX",NA,"WUR","0","3","PremierDraft","Mythic-1","Mythic-1"
"213","5/28/2021 12:20","STX",NA,"UBRG","1","3","PremierDraft","Mythic-1","Mythic-1"
"214","5/28/2021 11:15","STX",NA,"UBRw","3","3","PremierDraft","Mythic-1","Mythic-1"
"215","5/27/2021 12:10","STX",NA,"WUGbr","1","3","PremierDraft","Mythic-1","Mythic-1"
"216","5/27/2021 11:12","STX",NA,"WB","2","3","PremierDraft","Mythic-1","Mythic-1"
"217","5/27/2021 10:03","STX",NA,"WB","4","3","PremierDraft","Diamond-1","Mythic-1"
"218","5/26/2021 12:23","STX","x","WB","7","1","PremierDraft","Diamond-2","Diamond-1"
"219","5/26/2021 11:09","STX",NA,"UGbr","1","3","PremierDraft","Diamond-2","Diamond-2"
"220","5/19/2021 4:43","STX",NA,"UR","5","3","PremierDraft","Diamond-2","Diamond-2"
"221","5/19/2021 4:07","STX",NA,"WBr","0","3","PremierDraft","Diamond-2","Diamond-2"
"222","5/18/2021 22:36","STX",NA,"URg","0","3","PremierDraft","Diamond-1","Diamond-2"
"223","5/17/2021 10:47","STX",NA,"UG","3","3","PremierDraft","Diamond-1","Diamond-1"
"224","5/17/2021 2:38","STX","x","WR","7","2","PremierDraft","Diamond-2","Diamond-1"
"225","5/17/2021 2:08","STX",NA,"WBr","0","3","PremierDraft","Diamond-2","Diamond-2"
"226","5/17/2021 1:00","STX",NA,"WB","5","3","PremierDraft","Diamond-2","Diamond-2"
"227","5/17/2021 0:01","STX",NA,"WB","2","3","PremierDraft","Diamond-2","Diamond-2"
"228","5/16/2021 7:21","STX",NA,"WB","6","3","PremierDraft","Diamond-3","Diamond-2"
"229","5/16/2021 5:34","STX",NA,"URG","4","3","PremierDraft","Diamond-4","Diamond-3"
"230","5/16/2021 4:14","STX","x","WB","7","2","PremierDraft","Platinum-1","Diamond-4"
"231","5/16/2021 2:19","STX",NA,"URw","4","3","PremierDraft","Platinum-2","Platinum-1"
"232","5/14/2021 16:03","STX",NA,"WBg","1","3","PremierDraft","Platinum-1","Platinum-2"
"233","5/14/2021 15:17","STX",NA,"BGw","0","3","PremierDraft","Platinum-1","Platinum-1"
"234","5/14/2021 6:36","STX","x","WBr","7","0","PremierDraft","Platinum-3","Platinum-1"
"235","5/14/2021 5:45","STX",NA,"UBG","0","3","PremierDraft","Platinum-2","Platinum-3"
"236","5/14/2021 4:39","STX",NA,"UGbr","1","3","PremierDraft","Platinum-2","Platinum-2"
"237","5/14/2021 1:50","STX",NA,"WR","0","3","PremierDraft","Platinum-1","Platinum-2"
"238","5/14/2021 0:46","STX",NA,"WB","3","3","PremierDraft","Platinum-1","Platinum-1"
"239","5/13/2021 23:13","STX",NA,"UGr","4","3","PremierDraft","Platinum-1","Platinum-1"
"240","5/13/2021 12:18","STX",NA,"URw","6","3","PremierDraft","Platinum-2","Platinum-1"
"241","5/13/2021 11:40","STX",NA,"WB","2","3","PremierDraft","Platinum-2","Platinum-2"
"242","5/13/2021 10:38","STX",NA,"UGb","1","3","PremierDraft","Platinum-2","Platinum-2"
"243","5/12/2021 13:03","STX",NA,"WBG","1","3","PremierDraft","Platinum-2","Platinum-2"
"244","5/12/2021 11:28","STX","x","UGwr","7","2","PremierDraft","Platinum-3","Platinum-2"
"245","5/12/2021 9:18","STX",NA,"WURg","3","3","PremierDraft","Platinum-3","Platinum-3"
"246","5/11/2021 12:59","STX",NA,"WBr","4","3","PremierDraft","Platinum-3","Platinum-3"
"247","5/10/2021 12:37","STX",NA,"UGbr","5","3","PremierDraft","Platinum-4","Platinum-3"
"248","5/10/2021 11:31","STX",NA,"WRb","2","3","PremierDraft","Platinum-4","Platinum-4"
"249","5/9/2021 14:18","STX",NA,"WBr","0","3","OpenSealed_D1_Bo1",NA,NA
"250","5/9/2021 13:15","STX",NA,"URG","3","3","OpenSealed_D1_Bo1",NA,NA
"251","5/9/2021 12:05","STX",NA,"BGu","3","3","OpenSealed_D1_Bo1",NA,NA
"252","5/9/2021 11:52","STX",NA,"WBRGu","0","0","PremierDraft",NA,NA
"253","5/9/2021 11:00","STX",NA,"WBr","4","3","OpenSealed_D1_Bo1",NA,NA
"254","5/9/2021 1:36","STX",NA,"UBG","5","3","OpenSealed_D1_Bo1",NA,NA
"255","5/9/2021 0:38","STX",NA,"WB","4","3","OpenSealed_D1_Bo1",NA,NA
"256","5/8/2021 13:16","STX",NA,"BG","0","3","PremierDraft","Platinum-3","Platinum-3"
"257","5/8/2021 12:14","STX",NA,"WB","0","3","PremierDraft","Platinum-2","Platinum-3"
"258","5/8/2021 11:16","STX",NA,"WBr","2","3","PremierDraft","Platinum-3","Platinum-2"
"259","5/8/2021 7:55","STX",NA,"WB","4","3","PremierDraft","Platinum-3","Platinum-3"
"260","5/8/2021 6:26","STX","x","WB","7","2","PremierDraft","Platinum-4","Platinum-3"
"261","5/8/2021 5:44","STX",NA,"URG","1","3","PremierDraft","Platinum-4","Platinum-4"
"262","5/8/2021 5:14","STX",NA,"BG","0","3","PremierDraft","Platinum-4","Platinum-4"
"263","5/8/2021 1:41","STX",NA,"UGr","3","3","PremierDraft","Platinum-4","Platinum-4"
"264","5/8/2021 1:04","STX",NA,"URg","0","3","PremierDraft","Platinum-3","Platinum-4"
"265","5/8/2021 0:14","STX",NA,"WBR","1","3","PremierDraft","Platinum-3","Platinum-3"
"266","5/7/2021 12:49","STX",NA,"UR","6","3","PremierDraft","Platinum-3","Platinum-3"
"267","5/7/2021 7:42","STX",NA,"UBRG","1","3","PremierDraft","Platinum-3","Platinum-3"
"268","5/7/2021 6:56","STX",NA,"UGwr","1","3","PremierDraft","Platinum-3","Platinum-3"
"269","5/5/2021 11:09","STX",NA,"URG","6","3","Sealed",NA,NA
"270","5/5/2021 10:51","STX",NA,"WB","0","3","Sealed",NA,NA
"271","5/4/2021 22:31","STX",NA,"WB","6","3","Sealed",NA,NA
"272","5/3/2021 0:31","STX","x","UGb","7","1","PremierDraft","Platinum-4","Platinum-3"
"273","5/3/2021 0:10","STX",NA,"WBRug","0","0","PremierDraft",NA,NA
"274","5/2/2021 23:51","STX",NA,"UBG","0","0","PremierDraft",NA,NA
"275","5/2/2021 13:28","STX",NA,"UG","6","3","PremierDraft","Platinum-4","Platinum-4"
"276","5/2/2021 12:24","STX",NA,"UGr","1","3","PremierDraft","Platinum-4","Platinum-4"
"277","5/2/2021 11:33","STX",NA,"UGr","0","3","PremierDraft","Platinum-4","Platinum-4"
"278","5/2/2021 10:39","STX",NA,"UGr","0","2","PremierDraft","Platinum-4","Platinum-4"
"279","5/2/2021 9:42","STX",NA,"URw","1","3","PremierDraft","Platinum-4","Platinum-4"
"280","5/2/2021 8:52","STX",NA,"WBR","0","3","PremierDraft","Platinum-4","Platinum-4"
"281","5/2/2021 8:16","STX",NA,"WR","0","3","PremierDraft","Platinum-4","Platinum-4"
"282","5/2/2021 7:11","STX",NA,"WB","5","3","PremierDraft","Platinum-4","Platinum-4"
"283","5/2/2021 5:51","STX",NA,"WUR","3","3","PremierDraft","Platinum-4","Platinum-4"
"284","5/2/2021 4:23","STX",NA,"URG","3","3","PremierDraft","Platinum-4","Platinum-4"
"285","5/2/2021 3:19","STX",NA,"URg","1","3","PremierDraft","Platinum-4","Platinum-4"
"286","5/2/2021 2:29","STX",NA,"UGb","0","3","PremierDraft","Platinum-4","Platinum-4"
"287","5/2/2021 1:33","STX",NA,"WUR","2","3","PremierDraft","Platinum-4","Platinum-4"
"288","5/1/2021 11:45","STX",NA,"WR","3","3","PremierDraft","Gold-1","Platinum-4"
"289","5/1/2021 9:19","STX",NA,"WB","4","3","PremierDraft","Gold-2","Gold-1"
"290","5/1/2021 8:04","STX",NA,"BG","3","3","PremierDraft","Gold-3","Gold-2"
"291","5/1/2021 4:11","STX",NA,"UGr","0","3","PremierDraft","Gold-2","Gold-3"
"292","5/1/2021 3:02","STX",NA,"WB","3","3","PremierDraft","Diamond-3","Diamond-3"
"293","5/1/2021 2:17","STX",NA,"BG","1","3","PremierDraft","Diamond-3","Diamond-3"
"294","5/1/2021 1:23","STX",NA,"URG","1","3","PremierDraft","Diamond-3","Diamond-3"
"295","5/1/2021 0:12","STX",NA,"WRb","3","3","PremierDraft","Diamond-3","Diamond-3"
"296","4/30/2021 13:28","STX",NA,"BGu","1","3","PremierDraft","Diamond-3","Diamond-3"
"297","4/30/2021 12:27","STX",NA,"WURg","3","3","PremierDraft","Diamond-3","Diamond-3"
"298","4/30/2021 3:51","STX",NA,"URG","0","3","Sealed",NA,NA
"299","4/29/2021 3:37","STX","x","WB","7","2","Sealed",NA,NA
"300","4/28/2021 12:51","STX",NA,"URGwb","1","3","Sealed",NA,NA
"301","4/28/2021 4:24","STX",NA,"UBGwr","5","3","Sealed",NA,NA
"302","4/28/2021 3:42","STX",NA,"URGb","3","3","Sealed",NA,NA
"303","4/27/2021 11:16","STX",NA,"URGb","1","3","Sealed",NA,NA
"304","4/27/2021 4:07","STX",NA,"URGb","2","3","Sealed",NA,NA
"305","4/27/2021 3:42","STX",NA,"WUR","0","3","Sealed",NA,NA
"306","4/26/2021 12:54","STX",NA,"WUR","2","3","PremierDraft","Diamond-4","Diamond-3"
"307","4/26/2021 12:07","STX",NA,"WUBR","0","3","PremierDraft","Diamond-3","Diamond-4"
"308","4/26/2021 11:06","STX",NA,"UBG","1","3","PremierDraft","Diamond-3","Diamond-3"
"309","4/26/2021 9:57","STX",NA,"UR","3","3","PremierDraft","Diamond-3","Diamond-3"
"310","4/26/2021 8:30","STX",NA,"UBG","3","3","PremierDraft","Diamond-3","Diamond-3"
"311","4/26/2021 7:16","STX",NA,"UBGr","3","3","PremierDraft","Diamond-3","Diamond-3"
"312","4/26/2021 6:29","STX",NA,"UBGr","0","3","PremierDraft","Diamond-2","Diamond-3"
"313","4/26/2021 5:32","STX",NA,"WB","4","3","PremierDraft","Diamond-2","Diamond-2"
"314","4/26/2021 4:32","STX",NA,"UGb","0","3","PremierDraft","Diamond-2","Diamond-2"
"315","4/26/2021 2:43","STX",NA,"UGb","5","3","PremierDraft","Diamond-2","Diamond-2"
"316","4/26/2021 1:25","STX",NA,"UGbr","1","3","PremierDraft","Diamond-2","Diamond-2"
"317","4/26/2021 0:24","STX",NA,"URGb","2","3","PremierDraft","Diamond-2","Diamond-2"
"318","4/25/2021 23:10","STX",NA,"URGb","2","3","PremierDraft","Diamond-2","Diamond-2"
"319","4/24/2021 23:32","STX",NA,"WR","1","3","PremierDraft","Diamond-2","Diamond-2"
